{
  "basic_stats": {
    "total_records": 24761,
    "missing_rates": {
      "会话ID": 0.0,
      "访客名称": 0.0,
      "客户名称": 0.7182262428819515,
      "联系方式": 0.9797665683938451,
      "处理坐席": 0.0016962158232704657,
      "所属技能组": 0.0016962158232704657,
      "ip": 0.5039376438754493,
      "地域": 0.5039376438754493,
      "搜索来源": 1.0,
      "关键字": 1.0,
      "最后发言者": 0.00020193045515124592,
      "会话创建时间": 0.0,
      "会话接入时间": 0.00020193045515124592,
      "会话最后一条消息时间": 0.00020193045515124592,
      "会话结束时间": 0.0,
      "初次响应时长": 0.0016962158232704657,
      "座席领取时间": 0.0016962158232704657,
      "座席的初次响应时间": 0.0016962158232704657,
      "座席的初次响应时长": 0.0016962158232704657,
      "平均响应时长": 0.0032308872824199347,
      "对话时长": 0.00020193045515124592,
      "接入号": 0.0,
      "平台来源": 0.0,
      "咨询页面": 0.5092282218004119,
      "消息总条数": 0.0,
      "坐席回复的消息数": 0.0,
      "上级来源页面": 1.0,
      "着陆页": 1.0,
      "会话质量": 1.0,
      "评价信息": 0.9420863454626227,
      "评价标签": 1.0,
      "评价详情": 0.9966883405355196,
      "结束一级类别": 0.0,
      "结束二级类别": 0.016356366867250918,
      "结束三级类别": 0.016356366867250918,
      "结束四级类别": 1.0,
      "结束五级类别": 1.0,
      "备注": 0.9911554460643754,
      "扩展信息": 0.9991518920883647,
      "是否主动会话": 0.0,
      "关联工单编号": 0.9832397722224466,
      "访客消息数": 0.001534671459149469,
      "机器人消息数": 0.001534671459149469,
      "人工会话时长": 0.0016962158232704657,
      "消息来源": 0.0,
      "人工协助": 1.0,
      "消息时间": 0.0,
      "聊天内容": 0.0,
      "广告信息": 1.0
    },
    "duplicate_rate": 0.0,
    "emoji_frequency": {
      "图片": 2477,
      "工号": 1634,
      "客服代表为您服务，请问有什么可以帮您？": 1625,
      "嵌入页": 1490,
      "长按识别下方二维码添加，即可享受": 814,
      "贴心服务，": 814,
      "账单主动推送，专属福利活动等。祝您生活愉快，再见！": 810,
      "温馨提示您：解悠用户管家上线啦": 809,
      "请稍等，正在为您查询": 787,
      "会话来源于": 745
    },
    "language_mix": {
      "chinese_ratio": 0.46772873681177113,
      "english_ratio": 0.1788163940764987,
      "mixed_ratio": 0.6465451308882698
    },
    "message_length_stats": {
      "mean_length": 33.2142885990065,
      "median_length": 15.0,
      "max_length": 406.0,
      "min_length": 1.0,
      "std_length": 45.25924025144336
    }
  },
  "response_time": {
    "mean_response_time": 0,
    "median_response_time": 0,
    "max_response_time": 0,
    "min_response_time": 0,
    "response_time_std": 0
  },
  "session_patterns": {
    "total_sessions": 4,
    "mean_session_length": 6190.25,
    "max_session_length": 12474,
    "min_session_length": 1,
    "session_length_std": 6189.610705650235
  },
  "quality_metrics": {
    "completeness": 0.6289977078832825,
    "consistency": 0.23048342150963208,
    "validity": 0.959311013287024
  }
}