{
  "basic_stats": {
    "total_records": 24640,
    "missing_rates": {
      "会话ID": 0.0,
      "结束一级类别": 0.0,
      "结束二级类别": 0.014732142857142857,
      "结束三级类别": 0.014732142857142857,
      "消息来源": 0.0,
      "消息时间": 4.0584415584415584e-05,
      "聊天内容": 0.0
    },
    "duplicate_rate": 0.0,
    "emoji_frequency": {
      "图片": 2469,
      "工号": 1631,
      "客服代表为您服务，请问有什么可以帮您？": 1622,
      "嵌入页": 1454,
      "长按识别下方二维码添加，即可享受": 809,
      "贴心服务，": 809,
      "账单主动推送，专属福利活动等。祝您生活愉快，再见！": 805,
      "温馨提示您：解悠用户管家上线啦": 804,
      "请稍等，正在为您查询": 786,
      "会话来源于": 727
    },
    "language_mix": {
      "chinese_ratio": 0.46765132095021417,
      "english_ratio": 0.1789544809182504,
      "mixed_ratio": 0.6466058018684646
    },
    "message_length_stats": {
      "mean_length": 33.21534090909091,
      "median_length": 15.0,
      "max_length": 406.0,
      "min_length": 1.0,
      "std_length": 45.255239094443034
    }
  },
  "response_time": {
    "mean_response_time": 0,
    "median_response_time": 0,
    "max_response_time": 0,
    "min_response_time": 0,
    "response_time_std": 0
  },
  "session_patterns": {
    "total_sessions": 2,
    "mean_session_length": 12320.0,
    "max_session_length": 12414,
    "min_session_length": 12226,
    "session_length_std": 94.0
  },
  "quality_metrics": {
    "completeness": 0.9957850185528757,
    "consistency": 0.23005275974025974,
    "validity": 0.9592126623376623
  }
}